"Name","Team","G","PA","HR","R","RBI","SB","BB%","K%","ISO","BABIP","AVG","OBP","SLG","wOBA","wRC+","BsR","Off","Def","WAR","playerid"
"Cody Bellinger","Dodgers","62","268","20","51","54","7","14.9 %","13.8 %",".344",".359",".362",".455",".705",".465","197","-0.9","32.6","5.7","4.6","15998"
"Mike Trout","Angels","61","273","17","49","42","7","21.6 %","16.1 %",".333",".303",".299",".469",".632",".446","189","3.5","33.9","1.7","4.5","10155"
"Christian Yelich","Brewers","58","254","23","49","52","14","15.4 %","16.5 %",".399",".322",".337",".445",".736",".465","192","2.8","32.9","-0.4","4.0","11477"
"Joey Gallo","Rangers","50","214","17","41","41","3","19.6 %","35.5 %",".376",".385",".276",".421",".653",".434","170","2.9","21.6","4.4","3.3","14128"
"Nolan Arenado","Rockies","62","277","16","48","55","2","7.9 %","10.8 %",".272",".322",".332",".383",".604",".402","136","2.4","15.5","5.7","3.0","9777"
"Alex Bregman","Astros","64","284","18","43","44","3","15.5 %","12.7 %",".276",".251",".276",".391",".552",".393","154","-0.3","18.8","1.2","2.9","17678"
"Paul DeJong","Cardinals","62","266","10","44","29","4","11.7 %","18.4 %",".214",".310",".275",".372",".489",".367","130","3.0","13.3","7.4","2.9","18015"
"Javier Baez","Cubs","61","267","16","42","44","2","6.0 %","30.7 %",".280",".392",".304",".345",".584",".382","138","0.8","14.0","6.7","2.9","12979"
"Anthony Rendon","Nationals","50","216","11","44","41","1","13.4 %","16.2 %",".309",".346",".320",".426",".630",".432","169","1.2","20.4","0.7","2.8","12861"
"George Springer","Astros","48","216","17","41","43","4","11.6 %","20.8 %",".335",".315",".308",".389",".643",".421","172","1.4","21.0","-0.4","2.8","12856"
"Xander Bogaerts","Red Sox","62","277","12","50","42","2","11.9 %","19.1 %",".228",".330",".295",".375",".523",".377","135","1.8","13.8","4.6","2.8","12161"
"Jorge Polanco","Twins","60","269","10","40","33","2","9.3 %","15.2 %",".241",".370",".336",".398",".577",".405","156","0.1","18.9","-0.4","2.7","13152"
"Marcus Semien","Athletics","66","301","9","41","32","5","12.0 %","15.3 %",".159",".300",".273",".359",".432",".340","116","-0.6","5.6","11.2","2.7","12533"
"Trevor Story","Rockies","62","281","15","57","43","11","8.2 %","27.4 %",".257",".364",".292",".359",".549",".380","122","3.2","11.0","6.0","2.6","12564"
"J.T. Realmuto","Phillies","60","242","10","39","36","2","7.0 %","23.1 %",".187",".321",".274",".331",".461",".333","107","1.7","3.8","14.0","2.5","11739"
"Yasmani Grandal","Brewers","58","235","13","30","32","3","14.0 %","20.9 %",".253",".302",".278",".379",".530",".380","135","0.3","11.0","6.9","2.5","11368"
"Freddie Freeman","Braves","63","281","17","46","41","1","12.1 %","16.7 %",".283",".328",".311",".402",".594",".415","158","0.2","21.4","-5.6","2.5","5361"
"Austin Meadows","Rays","47","205","12","31","38","8","9.8 %","21.0 %",".280",".402",".346",".420",".626",".432","179","1.0","21.2","-3.7","2.4","15672"
"Matt Chapman","Athletics","64","280","16","40","36","0","10.4 %","18.6 %",".260",".267",".260",".343",".520",".361","130","0.2","10.9","3.7","2.4","16505"
"Josh Bell","Pirates","62","269","18","46","57","0","9.7 %","20.8 %",".347",".363",".331",".394",".678",".433","173","-3.0","22.5","-7.1","2.4","13145"
"Kris Bryant","Cubs","60","270","13","48","36","1","13.0 %","19.3 %",".264",".294",".269",".381",".533",".384","140","1.8","15.6","-0.7","2.3","15429"
"Hunter Dozier","Royals","52","216","11","27","33","1","12.0 %","19.0 %",".276",".346",".314",".398",".589",".407","158","0.6","16.2","-0.4","2.3","15117"
"Tommy La Stella","Angels","60","232","14","38","38","0","6.9 %","7.3 %",".225",".292",".316",".373",".541",".385","148","0.0","13.9","1.1","2.3","12371"
"Mike Moustakas","Brewers","58","251","19","41","41","3","7.6 %","19.1 %",".310",".272",".275",".339",".585",".382","137","0.2","12.2","2.4","2.2","4892"
"Peter Alonso","Mets","63","261","21","37","46","0","8.0 %","26.4 %",".343",".275",".261",".341",".604",".388","148","-0.6","15.4","-1.9","2.2","19251"
"Ronald Acuna Jr.","Braves","63","280","13","39","38","8","9.6 %","23.6 %",".196",".337",".282",".365",".478",".358","121","2.0","9.5","3.2","2.1","18401"
"Max Muncy","Dodgers","63","249","12","38","37","3","13.3 %","25.7 %",".225",".329",".272",".365",".498",".363","130","2.5","12.0","1.5","2.1","13301"
"Joc Pederson","Dodgers","58","207","18","42","33","0","10.6 %","20.8 %",".362",".231",".254",".357",".616",".399","153","0.6","14.9","-0.5","2.1","11899"
"Max Kepler","Twins","56","247","15","42","40","1","10.1 %","15.4 %",".273",".251",".264",".340",".537",".363","128","-1.0","7.6","4.9","2.1","12144"
"Corey Seager","Dodgers","63","258","8","39","38","1","10.5 %","19.4 %",".195",".312",".270",".353",".465",".345","118","1.7","7.8","4.7","2.0","13624"
"Michael Brantley","Astros","63","270","10","30","38","3","7.8 %","8.9 %",".195",".319",".317",".374",".512",".373","140","0.1","13.6","-2.4","2.0","4106"
"Tommy Pham","Rays","56","255","8","26","25","6","15.3 %","18.4 %",".175",".335",".288",".404",".462",".372","138","0.3","12.5","-0.8","2.0","2967"
"Anthony Rizzo","Cubs","59","265","16","41","44","3","12.1 %","14.0 %",".271",".272",".281",".396",".552",".397","148","-1.3","15.2","-3.3","2.0","3473"
"Byron Buxton","Twins","60","208","7","35","34","10","6.7 %","22.6 %",".251",".321",".267",".320",".518",".348","117","2.1","6.5","6.6","2.0","14161"
"Yoan Moncada","White Sox","61","266","12","38","38","5","7.1 %","28.6 %",".218",".365",".284",".340",".502",".354","125","1.4","9.6","1.1","2.0","17232"
"Ketel Marte","Diamondbacks","63","279","14","38","44","3","6.8 %","16.8 %",".238",".279",".270",".323",".508",".344","112","0.5","4.6","6.4","2.0","13613"
"Adalberto Mondesi","Royals","63","277","6","37","44","24","5.4 %","26.4 %",".191",".357",".277",".312",".469",".324","102","3.5","4.1","6.0","2.0","13769"
"DJ LeMahieu","Yankees","58","254","7","40","40","2","6.7 %","13.0 %",".152",".345",".320",".368",".472",".357","124","1.3","8.9","1.9","1.9","9874"
"Rafael Devers","Red Sox","64","275","9","47","40","8","8.4 %","17.1 %",".185",".340",".301",".361",".486",".356","120","3.3","10.2","-0.1","1.9","17350"
"Eduardo Escobar","Diamondbacks","63","279","15","40","49","1","7.2 %","22.2 %",".273",".313",".281",".337",".553",".368","127","0.0","9.7","0.6","1.9","6153"
"David Fletcher","Angels","62","240","4","32","23","5","7.9 %","6.3 %",".127",".317",".308",".363",".434",".342","118","-0.6","4.9","5.9","1.9","17992"
"Michael Conforto","Mets","55","238","12","34","29","4","16.0 %","22.7 %",".250",".287",".255",".387",".505",".375","139","-0.3","11.8","-0.5","1.9","16376"
"Bryce Harper","Phillies","64","280","11","38","44","2","13.6 %","28.9 %",".222",".331",".251",".357",".473",".348","116","-0.1","5.8","4.1","1.9","11579"
"Francisco Lindor","Indians","45","200","11","31","24","7","9.5 %","15.0 %",".244",".312",".307",".375",".551",".381","138","0.5","9.9","1.9","1.9","12916"
"Derek Dietrich","Reds","59","165","17","25","37","1","9.1 %","21.2 %",".397",".200",".248",".352",".645",".404","151","1.5","12.3","1.0","1.8","10542"
"Brandon Lowe","Rays","56","229","11","29","38","3","6.6 %","33.6 %",".233",".390",".281",".336",".514",".356","128","3.0","10.9","-0.3","1.8","18882"
"Alex Gordon","Royals","61","261","10","39","39","3","8.4 %","15.7 %",".213",".303",".284",".365",".498",".362","127","0.8","9.7","-0.3","1.8","5209"
"Carlos Santana","Indians","63","268","12","39","39","1","16.0 %","15.7 %",".228",".306",".286",".403",".513",".383","139","-0.8","12.3","-3.3","1.8","2396"
"Carlos Correa","Astros","50","214","11","26","35","1","9.3 %","23.8 %",".253",".344",".295",".360",".547",".377","143","-1.2","10.3","0.4","1.8","14162"
"Mookie Betts","Red Sox","64","296","10","50","29","6","15.5 %","13.9 %",".187",".284",".268",".385",".455",".358","121","0.4","8.4","-0.7","1.8","13611"
"Willson Contreras","Cubs","57","218","13","32","35","1","11.5 %","27.5 %",".262",".357",".290",".394",".552",".395","147","-0.8","12.4","-2.1","1.7","11609"
"Hunter Renfroe","Padres","58","192","18","26","35","3","7.3 %","27.1 %",".367",".241",".249",".302",".616",".373","135","-0.1","8.6","2.2","1.7","15464"
"Andrew McCutchen","Phillies","59","262","10","45","29","2","16.4 %","21.0 %",".201",".299",".256",".378",".457",".360","124","0.1","8.4","0.2","1.7","9847"
"Tim Anderson","White Sox","56","222","9","33","28","15","3.2 %","19.4 %",".170",".369",".321",".351",".491",".357","127","2.3","9.8","-1.1","1.6","15172"
"Avisail Garcia","Rays","53","231","11","33","28","6","6.1 %","22.5 %",".216",".347",".296",".351",".512",".361","131","-1.0","8.0","0.1","1.6","5760"
"Jean Segura","Phillies","54","237","5","39","25","3","5.5 %","12.7 %",".159",".319",".291",".339",".450",".336","109","2.9","5.5","3.0","1.6","5933"
"Elvis Andrus","Rangers","53","237","6","32","33","13","4.6 %","15.2 %",".158",".337",".303",".342",".462",".340","107","2.3","4.3","3.3","1.6","8709"
"Daniel Vogelbach","Mariners","59","227","15","35","36","0","17.2 %","22.0 %",".285",".254",".247",".379",".532",".383","148","0.2","13.8","-6.0","1.6","14130"
"Mitch Garver","Twins","30","111","10","22","24","0","9.9 %","26.1 %",".381",".362",".320",".405",".701",".452","188","-0.9","11.3","0.5","1.6","15161"
"Bryan Reynolds","Pirates","43","154","5","22","20","0","7.8 %","21.4 %",".206",".427",".348",".403",".553",".403","154","0.7","11.5","-0.8","1.5","19326"
"Marcell Ozuna","Cardinals","60","254","17","43","54","5","9.4 %","21.7 %",".276",".255",".250",".323",".526",".351","120","1.5","8.0","-0.6","1.5","10324"
"Gleyber Torres","Yankees","59","247","14","35","32","3","6.5 %","23.5 %",".243",".312",".279",".325",".522",".351","120","-1.5","4.6","2.3","1.5","16997"
"Kevin Kiermaier","Rays","58","225","7","29","28","10","7.6 %","20.9 %",".190",".289",".249",".308",".439",".313","98","1.4","0.9","6.7","1.5","11038"
"Trey Mancini","Orioles","61","265","13","44","31","0","7.2 %","20.8 %",".241",".341",".303",".355",".544",".373","136","0.8","12.6","-6.5","1.5","15149"
"Gary Sanchez","Yankees","45","187","19","28","37","0","8.0 %","27.3 %",".367",".253",".260",".332",".627",".391","147","0.1","11.2","-2.4","1.5","11442"
"Robinson Chirinos","Astros","49","190","10","31","29","0","14.7 %","23.7 %",".273",".276",".247",".383",".520",".380","145","0.0","10.7","-2.0","1.5","3142"
"Justin Turner","Dodgers","57","237","6","31","27","1","10.1 %","13.5 %",".139",".339",".312",".397",".450",".366","132","-0.5","9.2","-1.9","1.5","5235"
"Edwin Encarnacion","Mariners","62","273","18","44","43","0","13.9 %","19.4 %",".268",".231",".241",".355",".509",".363","135","-0.3","11.6","-6.2","1.5","2151"
"Whit Merrifield","Royals","64","287","7","43","29","8","6.3 %","18.1 %",".189",".348",".298",".348",".487",".350","119","-1.1","5.8","-1.6","1.4","11281"
"David Peralta","Diamondbacks","51","229","8","30","35","0","6.1 %","22.7 %",".217",".373",".307",".354",".524",".365","125","-2.1","5.4","1.3","1.4","2136"
"Jason Castro","Twins","31","106","7","22","17","0","11.3 %","25.5 %",".293",".310",".272",".368",".565",".390","145","0.0","6.1","4.3","1.4","8722"
"James McCann","White Sox","41","157","4","24","15","3","5.7 %","22.3 %",".163",".417",".333",".376",".497",".371","136","1.2","8.4","0.2","1.4","12859"
"Eugenio Suarez","Reds","63","261","14","32","40","1","9.6 %","23.8 %",".240",".299",".266",".341",".507",".353","117","-3.3","2.6","2.9","1.4","12552"
"Christian Vazquez","Red Sox","52","180","7","22","22","1","6.1 %","18.3 %",".186",".313",".281",".324",".467",".330","102","-2.2","-1.7","9.1","1.3","9774"
"Fernando Tatis Jr.","Padres","30","120","7","17","15","7","8.3 %","27.5 %",".262",".397",".318",".383",".579",".401","153","0.7","8.9","0.7","1.3","19709"
"Jeff McNeil","Mets","51","209","2","21","17","0","7.7 %","11.0 %",".119",".375",".335",".411",".454",".373","138","-3.6","6.7","-0.1","1.3","15362"
"Rhys Hoskins","Phillies","63","277","13","34","42","1","15.9 %","24.9 %",".246",".318",".263",".386",".509",".377","135","-2.5","10.1","-5.7","1.3","16472"
"Starling Marte","Pirates","52","241","7","35","26","10","2.9 %","17.0 %",".168",".315",".279",".321",".447",".327","104","2.4","3.5","1.8","1.3","9241"
"Andrelton Simmons","Angels","46","195","3","22","21","5","3.1 %","7.7 %",".117",".312",".298",".323",".415",".316","101","-0.2","-0.1","5.9","1.2","10847"
"Jake Marisnick","Astros","53","147","6","23","17","4","5.4 %","30.6 %",".227",".321",".242",".310",".470",".330","111","0.9","2.9","4.6","1.2","11339"
"Howie Kendrick","Nationals","53","171","10","29","38","1","5.8 %","15.2 %",".253",".325",".325",".363",".578",".386","139","-1.3","7.4","-0.2","1.2","4229"
"Buster Posey","Giants","46","168","3","18","18","0","8.9 %","15.5 %",".151",".290",".257",".321",".408",".313","96","-2.1","-3.0","10.0","1.2","9166"
"Alex Verdugo","Dodgers","61","195","4","19","28","3","7.7 %","11.3 %",".166",".307",".291",".344",".457",".338","113","1.1","4.4","1.7","1.2","17027"
"Hunter Pence","Rangers","48","188","13","37","41","3","6.9 %","20.2 %",".298",".287",".281",".335",".579",".376","131","2.1","9.4","-3.6","1.2","8252"
"Nick Ahmed","Diamondbacks","64","257","4","31","25","4","7.8 %","19.5 %",".139",".315",".265",".320",".404",".308","88","0.4","-3.7","7.6","1.2","12147"
"Pedro Severino","Orioles","36","125","8","12","18","0","9.6 %","20.0 %",".266",".299",".284",".363",".550",".381","141","-2.5","4.0","3.8","1.2","14523"
"Mitch Haniger","Mariners","63","283","15","46","32","4","10.6 %","28.6 %",".244",".257",".220",".314",".463",".328","110","0.5","4.1","-1.9","1.2","14274"
"Roberto Perez","Indians","45","161","11","17","25","0","12.4 %","27.3 %",".265",".253",".235",".333",".500",".349","116","-0.8","2.5","4.0","1.2","2900"
"J.D. Martinez","Red Sox","56","245","12","36","33","1","10.2 %","15.9 %",".231",".311",".296",".371",".528",".373","131","-1.3","8.3","-4.8","1.2","6184"
"Austin Hedges","Padres","46","162","6","12","17","0","5.6 %","31.5 %",".142",".242",".189",".259",".331",".256","58","-0.4","-9.1","15.9","1.2","12976"
"C.J. Cron","Twins","57","232","14","31","41","0","7.8 %","22.0 %",".264",".297",".274",".341",".538",".365","128","-0.4","7.9","-4.0","1.2","12546"
"Jay Bruce","- - -","52","202","18","33","39","1","7.9 %","26.7 %",".366",".221",".235",".297",".601",".364","134","0.9","9.7","-4.8","1.2","9892"
"David Dahl","Rockies","54","219","6","36","26","1","6.8 %","26.9 %",".206",".441",".332",".381",".538",".385","125","-1.8","5.3","-0.6","1.2","13744"
"Eric Sogard","Blue Jays","37","155","5","21","15","4","9.7 %","13.5 %",".185",".300",".281",".355",".467",".350","121","1.3","5.3","0.9","1.2","7927"
"Andrew Benintendi","Red Sox","58","273","6","32","26","7","11.4 %","23.8 %",".150",".339",".266",".358",".416",".334","105","2.2","3.9","-1.8","1.1","17901"
"Omar Narvaez","Mariners","53","201","9","28","23","0","10.4 %","19.9 %",".174",".308",".275",".353",".449",".344","122","1.3","6.7","-2.1","1.1","13338"
"Willy Adames","Rays","58","232","6","28","18","3","8.6 %","25.9 %",".138",".319",".248",".316",".386",".304","92","1.8","-0.5","3.9","1.1","15986"
"Luke Voit","Yankees","61","272","15","40","39","0","13.6 %","24.3 %",".237",".297",".259",".375",".496",".370","133","-0.9","10.3","-8.2","1.1","14811"
"Eddie Rosario","Twins","60","255","18","42","50","2","5.1 %","14.9 %",".267",".247",".267",".302",".533",".345","115","-1.0","3.8","-1.2","1.1","12155"
"David Freese","Dodgers","47","118","6","24","19","0","16.9 %","22.0 %",".286",".348",".296",".415",".582",".417","165","-0.9","9.1","-1.6","1.1","9549"
"Shin-Soo Choo","Rangers","58","256","11","43","28","3","10.2 %","26.6 %",".238",".368",".287",".379",".525",".381","134","-0.6","10.4","-8.0","1.1","3174"
"Logan Forsythe","Rangers","46","181","3","23","26","1","13.8 %","24.3 %",".164",".377",".283",".389",".447",".362","121","0.7","5.5","-0.5","1.1","7185"
"Josh Reddick","Astros","58","236","7","28","22","3","6.8 %","10.2 %",".150",".314",".308",".349",".458",".339","117","-1.1","4.1","-1.3","1.1","3892"
"Paul Goldschmidt","Cardinals","62","269","12","38","27","0","11.9 %","25.7 %",".170",".331",".268",".358",".438",".343","115","1.0","6.1","-3.9","1.1","9218"
"Christian Walker","Diamondbacks","61","247","11","33","25","3","8.5 %","29.6 %",".232",".336",".259",".328",".491",".342","110","1.6","4.9","-2.0","1.1","13419"
"Kole Calhoun","Angels","61","256","13","38","35","3","11.3 %","21.5 %",".243",".256",".239",".329",".482",".338","116","1.5","6.4","-4.6","1.1","11200"
"Dansby Swanson","Braves","64","265","13","36","43","6","6.8 %","19.6 %",".226",".279",".264",".314",".490",".333","104","1.5","3.1","-0.9","1.1","18314"
"Dexter Fowler","Cardinals","55","198","5","22","15","4","13.1 %","24.7 %",".139",".321",".247",".369",".386",".335","109","2.6","5.0","-0.7","1.1","4062"
"Jorge Alfaro","Marlins","49","187","9","21","25","1","4.3 %","33.7 %",".184",".373",".270",".321",".454",".330","109","-1.5","0.6","3.8","1.0","12180"
"Mark Canha","Athletics","39","129","10","20","18","0","14.7 %","20.9 %",".324",".232",".248",".380",".571",".395","154","-0.2","8.5","-2.6","1.0","11445"
"Josh Donaldson","Braves","60","248","8","35","25","1","14.5 %","28.2 %",".186",".326",".243",".359",".429",".342","110","-0.5","2.9","-0.8","1.0","5038"
"Cesar Hernandez","Phillies","63","258","6","28","29","3","6.6 %","12.8 %",".166",".298",".277",".333",".443",".329","104","0.2","1.4","0.3","1.0","10556"
"Tyler Flowers","Braves","36","127","5","11","12","0","7.1 %","33.1 %",".183",".333",".243",".307",".426",".312","91","-1.2","-2.7","8.5","1.0","9134"
"Jonathan Schoop","Twins","56","223","11","33","31","1","4.0 %","23.8 %",".227",".280",".246",".300",".473",".326","102","0.7","1.4","0.7","1.0","11265"
"Lorenzo Cain","Brewers","61","278","4","40","27","6","7.2 %","16.2 %",".119",".296",".258",".317",".377",".300","83","-0.3","-6.4","7.3","1.0","9077"
"Manny Machado","Padres","64","269","10","30","33","1","10.4 %","21.6 %",".161",".276",".242",".327",".403",".313","96","-1.7","-3.2","4.3","1.0","11493"
"Niko Goodrum","Tigers","57","242","6","34","18","7","10.3 %","26.4 %",".164",".308",".238",".318",".402",".310","93","3.8","1.7","-0.5","1.0","12092"
"Kolten Wong","Cardinals","61","232","6","23","27","10","9.9 %","16.4 %",".139",".256",".234",".323",".373",".299","86","3.6","-0.7","2.7","0.9","12532"
"Harrison Bader","Cardinals","49","152","6","19","15","1","10.5 %","28.3 %",".202",".313",".240",".351",".442",".333","108","-1.7","-0.1","4.7","0.9","18030"
"Giovanny Urshela","Yankees","53","181","4","24","25","1","5.5 %","16.0 %",".140",".348",".311",".354",".451",".341","114","-0.8","2.3","0.8","0.9","10681"
"Pablo Sandoval","Giants","58","132","8","19","22","1","5.3 %","25.8 %",".298",".325",".282",".318",".581",".367","131","0.4","5.6","-0.6","0.9","5409"
"Justin Smoak","Blue Jays","57","239","12","28","33","0","16.7 %","18.4 %",".216",".245",".237",".377",".454",".358","126","-2.4","5.4","-4.5","0.9","9054"
"Stephen Piscotty","Athletics","61","270","8","31","28","2","8.5 %","21.5 %",".156",".302",".255",".320",".412",".313","98","1.8","1.2","-1.4","0.9","13367"
"Yandy Diaz","Rays","48","213","9","29","23","1","11.7 %","16.9 %",".207",".268",".255",".343",".462",".339","116","-1.2","3.1","-1.8","0.9","16578"
"Juan Soto","Nationals","54","236","10","36","38","3","14.0 %","22.9 %",".224",".348",".289",".390",".512",".383","137","-1.7","9.5","-8.3","0.9","20123"
"Scott Kingery","Phillies","32","102","4","14","13","2","3.9 %","26.5 %",".229",".415",".323",".363",".552",".384","140","0.9","6.1","-0.7","0.9","17975"
"Ramon Laureano","Athletics","65","251","8","35","23","6","5.2 %","26.7 %",".160",".327",".260",".307",".420",".309","95","1.6","0.0","-0.2","0.9","17128"
"Brian Anderson","Marlins","61","263","7","21","27","4","9.5 %","23.2 %",".142",".295",".241",".323",".384",".306","93","1.1","-1.2","1.3","0.8","18289"
"David Bote","Cubs","55","179","7","24","30","1","10.1 %","24.6 %",".203",".333",".272",".352",".475",".350","117","0.5","4.4","-1.7","0.8","14593"
"Marwin Gonzalez","Twins","55","224","7","25","21","1","8.9 %","22.3 %",".153",".303",".252",".326",".406",".317","96","0.6","-0.6","1.2","0.8","5497"
"Jose Iglesias","Reds","59","214","4","26","22","1","5.1 %","14.5 %",".124",".329",".292",".332",".416",".316","93","-2.3","-4.3","5.8","0.8","10231"
"Ozzie Albies","Braves","64","279","7","35","26","4","8.6 %","16.1 %",".139",".299",".267",".333",".406",".315","93","1.0","-1.7","1.0","0.8","16556"
"Jarrod Dyson","Diamondbacks","50","171","3","29","13","14","11.7 %","20.5 %",".107",".321",".262",".351",".369",".317","94","3.3","2.0","0.6","0.8","4866"
"Franmil Reyes","Padres","62","223","19","29","32","0","7.6 %","27.4 %",".317",".238",".243",".296",".559",".349","119","-0.9","4.6","-3.7","0.8","14566"
"Albert Almora Jr.","Cubs","59","197","7","25","20","2","5.6 %","15.2 %",".171",".271",".254",".301",".425",".305","88","0.7","-2.4","4.2","0.8","14109"
"Leury Garcia","White Sox","56","233","2","41","18","7","3.9 %","23.6 %",".069",".373",".287",".325",".356",".297","86","1.4","-2.7","2.5","0.8","5913"
"Ji-Man Choi","Rays","51","209","6","22","23","1","10.0 %","21.5 %",".159",".336",".280",".359",".440",".342","118","-0.5","4.2","-3.8","0.8","5452"
"Jordan Luplow","Indians","36","115","8","20","17","2","8.7 %","27.8 %",".288",".292",".260",".322",".548",".359","123","0.1","3.4","0.2","0.8","16424"
"Michael Chavis","Red Sox","44","188","10","23","30","2","10.1 %","31.9 %",".211",".333",".253",".340",".464",".342","110","-1.3","1.1","0.0","0.8","17321"
"Asdrubal Cabrera","Rangers","55","218","9","30","35","1","10.6 %","21.1 %",".188",".283",".251",".335",".440",".331","100","-0.7","-0.6","0.6","0.7","4962"
"Brandon Belt","Giants","61","231","9","30","27","2","14.7 %","20.3 %",".228",".283",".249",".368",".477",".360","127","-0.5","7.5","-7.4","0.7","10264"
"Nelson Cruz","Twins","39","161","10","22","25","0","9.9 %","29.2 %",".277",".329",".270",".354",".546",".374","134","-1.3","5.7","-3.9","0.7","2434"
"Neil Walker","Marlins","51","168","4","12","14","2","10.7 %","20.8 %",".148",".364",".295",".375",".443",".354","125","0.2","5.5","-3.7","0.7","7539"
"Carson Kelly","Diamondbacks","42","128","6","13","16","0","9.4 %","17.2 %",".226",".264",".252",".328",".478",".336","106","-2.1","-1.0","4.0","0.7","13620"
"Garrett Cooper","Marlins","27","108","5","19","16","0","11.1 %","19.4 %",".174",".313",".283",".380",".457",".361","129","-0.3","3.8","-0.1","0.7","15279"
"Austin Barnes","Dodgers","41","142","4","17","15","2","12.0 %","20.4 %",".158",".261",".225",".338",".383",".309","94","-0.3","-1.3","3.8","0.7","12158"
"Josh Phegley","Athletics","53","166","8","22","37","0","4.2 %","19.3 %",".229",".278",".261",".303",".490",".330","110","-1.9","0.2","1.1","0.7","9308"
"Robbie Grossman","Athletics","54","202","4","26","17","5","11.9 %","17.8 %",".141",".290",".249",".337",".390",".316","100","0.3","0.4","-0.4","0.7","5254"
"Jonathan Villar","Orioles","64","270","7","36","25","12","7.4 %","23.0 %",".150",".309",".252",".310",".402",".305","90","2.8","-0.6","-1.9","0.7","10071"
"Evan Longoria","Giants","57","217","7","22","23","2","9.2 %","20.3 %",".175",".257",".227",".304",".402",".303","89","0.6","-2.4","2.3","0.7","9368"
"Ben Gamel","Brewers","57","162","4","23","14","1","9.9 %","29.0 %",".141",".359",".261",".346",".401",".321","96","2.0","1.3","0.5","0.7","12160"
"Adam Jones","Diamondbacks","59","247","12","32","37","1","4.9 %","15.8 %",".224",".285",".276",".321",".500",".342","110","-0.9","2.4","-3.5","0.7","6368"
"Wil Myers","Padres","63","226","11","32","22","7","11.5 %","36.7 %",".202",".317",".222",".319",".424",".320","100","-0.3","-0.3","-0.2","0.7","10047"
"Jose Altuve","Astros","39","164","9","21","21","1","11.0 %","15.2 %",".229",".234",".243",".329",".472",".339","117","-1.4","2.1","-1.1","0.7","5417"
"Eric Thames","Brewers","59","167","8","27","26","1","15.6 %","34.7 %",".217",".356",".246",".371",".464",".357","120","0.9","5.2","-4.2","0.6","3711"
"Melky Cabrera","Pirates","57","184","4","21","22","2","5.4 %","12.5 %",".128",".366",".331",".372",".459",".353","121","0.5","5.5","-5.1","0.6","4022"
"Danny Santana","Rangers","41","146","4","26","15","7","4.1 %","28.1 %",".179",".385",".291",".331",".470",".335","103","2.6","3.1","-1.9","0.6","10322"
"Charlie Blackmon","Rockies","47","224","10","36","32","2","6.3 %","18.3 %",".260",".331",".299",".357",".559",".381","123","-1.4","5.2","-6.1","0.6","7859"
"Colin Moran","Pirates","60","185","9","20","34","0","8.1 %","25.4 %",".207",".333",".278",".335",".485",".342","114","0.2","3.6","-3.3","0.6","16909"
"Nicholas Castellanos","Tigers","59","262","6","36","23","1","6.5 %","24.0 %",".183",".328",".261",".313",".444",".318","99","1.7","1.3","-4.2","0.6","11737"
"Brian Dozier","Nationals","61","223","10","23","23","1","10.3 %","25.1 %",".194",".275",".235",".323",".429",".322","97","-0.9","-1.7","0.7","0.6","9810"
"Matt Carpenter","Cardinals","60","254","9","35","22","3","13.8 %","25.2 %",".171",".269",".221",".331",".392",".315","96","-0.7","-1.9","-0.2","0.6","8090"
"Jason Heyward","Cubs","59","240","9","30","23","4","13.8 %","16.7 %",".172",".261",".245",".350",".417",".328","103","-0.4","0.4","-2.0","0.6","4940"
"Wilson Ramos","Mets","59","210","7","30","34","0","10.5 %","15.7 %",".140",".306",".280",".357",".419",".330","110","-3.2","-0.6","-0.1","0.6","1433"
"Brett Gardner","Yankees","59","232","8","34","21","6","9.1 %","15.1 %",".188",".223",".217",".293",".406",".298","84","1.4","-3.3","1.2","0.6","9927"
"Kyle Schwarber","Cubs","58","240","12","32","25","1","13.8 %","27.5 %",".223",".273",".233",".338",".455",".330","104","-0.6","0.8","-2.6","0.6","16478"
"Clint Frazier","Yankees","46","179","11","23","31","1","6.7 %","27.9 %",".252",".327",".276",".330",".528",".355","123","-0.1","5.0","-5.4","0.6","15983"
"Adam Frazier","Pirates","57","247","3","31","15","2","6.5 %","12.6 %",".116",".288",".258",".318",".373",".298","85","1.1","-3.8","1.6","0.6","15223"
"Enrique Hernandez","Dodgers","59","225","10","26","32","0","8.4 %","23.6 %",".184",".234",".214",".284",".398",".289","81","1.2","-4.2","2.7","0.6","10472"
"Tony Kemp","Astros","42","127","4","18","10","3","8.7 %","14.2 %",".189",".231",".225",".302",".414",".301","91","-0.6","-2.0","3.2","0.6","14894"
"Aledmys Diaz","Astros","32","109","5","17","22","0","6.4 %","11.9 %",".224",".274",".286",".321",".510",".341","118","0.5","3.0","-1.2","0.5","15937"
"Matt Olson","Athletics","32","131","8","16","16","0","9.9 %","28.2 %",".259",".254",".224",".313",".483",".333","111","0.0","1.9","-1.0","0.5","14344"
"Hanser Alberto","Orioles","50","186","3","16","14","4","2.2 %","10.2 %",".084",".321",".302",".317",".385",".301","87","1.6","-1.5","0.3","0.5","11902"
"Adam Eaton","Nationals","62","275","5","36","15","5","9.8 %","17.8 %",".113",".310",".263",".346",".375",".316","93","0.2","-2.2","-1.7","0.5","11205"
"Todd Frazier","Mets","40","142","5","16","16","1","7.7 %","24.6 %",".164",".318",".258",".331",".422",".325","106","-1.2","-0.1","0.5","0.5","785"
"Dee Gordon","Mariners","45","173","3","16","19","12","4.0 %","14.5 %",".088",".311",".281",".310",".369",".291","86","2.9","-0.2","-0.8","0.5","8203"
"Tony Wolters","Rockies","43","155","1","19","19","0","7.7 %","15.5 %",".109",".353",".307",".357",".416",".324","85","-0.6","-3.6","3.5","0.5","11470"
"Orlando Arcia","Brewers","64","242","8","28","27","3","9.1 %","19.8 %",".164",".299",".259",".326",".423",".317","94","-0.9","-2.7","-0.2","0.5","13185"
"Mitch Moreland","Red Sox","47","174","13","25","34","1","12.1 %","21.3 %",".318",".204",".225",".316",".543",".354","119","-1.4","2.7","-3.9","0.5","3086"
"Chad Pinder","Athletics","49","158","5","22","18","0","4.4 %","19.6 %",".171",".295",".260",".304",".432",".311","97","-0.6","-1.3","0.5","0.5","15191"
"Kurt Suzuki","Nationals","34","121","5","13","22","0","5.8 %","16.5 %",".189",".299",".279",".331",".468",".338","107","-0.5","0.7","0.1","0.5","8259"
"Brian Goodwin","Angels","58","210","6","33","22","3","8.6 %","22.9 %",".166",".346",".283",".344",".449",".336","114","1.2","4.9","-7.7","0.5","12858"
"J.D. Davis","Mets","52","162","6","19","17","0","9.3 %","20.4 %",".171",".299",".260",".333",".432",".329","109","1.1","3.0","-3.7","0.4","16219"
"Greg Garcia","Padres","47","136","2","21","12","0","12.5 %","25.0 %",".119",".337",".254",".346",".373",".315","97","0.8","0.3","-0.2","0.4","10951"
"Nick Senzel","Reds","32","152","4","21","13","5","8.6 %","24.3 %",".190",".330",".263",".325",".453",".329","101","-0.3","-0.1","-0.4","0.4","19293"
"Domingo Santana","Mariners","64","284","13","33","48","5","8.5 %","29.2 %",".215",".348",".270",".336",".484",".346","123","-1.3","6.9","-12.4","0.4","10348"
"Yolmer Sanchez","White Sox","55","189","1","17","13","2","9.5 %","23.3 %",".055",".339",".255",".337",".309",".291","82","1.4","-2.8","0.6","0.4","11602"
"Mike Tauchman","Yankees","34","108","4","16","13","1","12.0 %","30.6 %",".200",".276",".211",".306",".411",".308","91","0.2","-1.1","1.5","0.4","15274"
"Kevin Newman","Pirates","37","127","2","11","15","1","6.3 %","15.7 %",".120",".344",".299",".346",".419",".326","103","-0.4","0.2","-0.1","0.4","17696"
"Ryan Braun","Brewers","60","222","10","27","36","4","6.3 %","22.5 %",".190",".317",".273",".326",".463",".335","106","1.1","2.8","-6.0","0.4","3410"
"Delino DeShields","Rangers","39","138","1","15","12","10","14.5 %","18.1 %",".080",".299",".241",".363",".321",".311","87","0.4","-2.0","1.1","0.4","11379"
"Jose Abreu","White Sox","63","270","16","31","52","2","6.3 %","24.8 %",".259",".274",".251",".300",".510",".332","110","-2.7","0.6","-6.2","0.4","15676"
"Renato Nunez","Orioles","62","241","16","33","36","0","5.4 %","25.3 %",".259",".259",".241",".295",".500",".330","107","0.2","2.3","-7.2","0.3","14503"
"Nick Markakis","Braves","64","260","4","38","29","0","12.7 %","11.2 %",".139",".284",".265",".354",".404",".326","100","-0.9","-0.9","-4.1","0.3","5930"
"Gordon Beckham","Tigers","34","107","3","14","5","2","8.4 %","28.0 %",".202",".311",".234",".327",".436",".327","105","-0.4","0.3","-0.8","0.3","9015"
"Charlie Tilson","White Sox","31","112","1","12","11","3","6.3 %","25.9 %",".068",".356",".262",".321",".330",".285","78","2.3","-0.7","0.0","0.3","12983"
"Ryan McMahon","Rockies","45","165","6","25","22","1","12.1 %","26.1 %",".172",".302",".241",".333",".414",".323","85","1.6","-1.6","-0.5","0.3","15112"
"Rio Ruiz","Orioles","57","198","4","15","16","0","9.6 %","22.2 %",".096",".290",".236",".308",".331",".282","74","-1.2","-7.6","3.9","0.3","14103"
"Jorge Soler","Royals","64","262","16","30","43","0","5.7 %","30.2 %",".260",".275",".236",".286",".496",".325","102","0.2","0.8","-6.8","0.3","14221"
"Ehire Adrianza","Twins","38","107","4","14","13","0","9.3 %","16.8 %",".144",".257",".244",".340",".389",".318","97","-0.7","-1.1","0.5","0.3","8418"
"Albert Pujols","Angels","54","222","11","25","35","0","9.9 %","11.7 %",".221",".224",".241",".320",".462",".328","109","-3.3","-0.8","-3.9","0.3","1177"
"Billy Hamilton","Royals","54","191","0","24","6","11","9.4 %","23.0 %",".053",".307",".229",".302",".282",".262","60","3.2","-6.5","2.9","0.3","10199"
"Ronny Rodriguez","Tigers","40","149","6","17","20","2","4.7 %","30.2 %",".245",".264",".216",".248",".460",".289","79","1.5","-2.3","0.1","0.3","11875"
"Chris Taylor","Dodgers","61","180","5","17","21","4","8.3 %","26.7 %",".180",".284",".224",".292",".404",".292","83","0.8","-3.0","0.2","0.3","13757"
"Tim Beckham","Mariners","55","205","11","26","33","1","5.9 %","30.7 %",".241",".299",".241",".293",".482",".324","108","-2.0","0.0","-4.3","0.3","7949"
"Brandon Nimmo","Mets","43","161","3","20","14","1","16.1 %","29.8 %",".123",".288",".200",".344",".323",".301","91","1.4","-0.5","-1.8","0.3","12927"
"Freddy Galvis","Blue Jays","59","235","9","25","25","2","4.7 %","23.8 %",".174",".283",".241",".277",".415",".291","81","-0.9","-6.5","1.2","0.3","6609"
"Victor Robles","Nationals","62","247","9","37","25","9","5.7 %","25.9 %",".184",".288",".235",".309",".419",".310","89","1.9","-1.5","-3.6","0.3","18363"
"Christin Stewart","Tigers","43","177","5","16","22","0","11.3 %","22.0 %",".190",".295",".248",".333",".438",".324","103","-0.5","0.1","-3.4","0.3","17714"
"Miguel Cabrera","Tigers","58","236","3","16","27","0","9.3 %","19.9 %",".090",".368",".299",".364",".389",".326","104","-1.3","-0.1","-5.5","0.3","1744"
"Joe Panik","Giants","57","234","3","22","19","3","9.4 %","10.7 %",".096",".258",".240",".316",".337",".288","79","-1.8","-8.0","3.0","0.3","11936"
"Brandon Dixon","Tigers","35","110","5","10","21","3","2.7 %","33.6 %",".208",".415",".302",".318",".509",".345","117","-0.3","2.0","-3.3","0.2","15214"
"JaCoby Jones","Tigers","50","179","8","18","20","6","7.3 %","30.2 %",".206",".323",".250",".320",".456",".325","104","0.9","1.7","-5.6","0.2","14818"
"Hernan Perez","Brewers","47","123","5","16","10","3","5.7 %","28.5 %",".181",".316",".250",".293",".431",".307","87","-1.0","-3.0","1.3","0.2","5751"
"Luis Rengifo","Angels","28","111","1","15","9","0","9.9 %","24.3 %",".104",".300",".229",".309",".333",".282","78","0.9","-2.2","0.6","0.2","19858"
"Nomar Mazara","Rangers","58","247","9","35","35","2","6.1 %","18.2 %",".186",".299",".270",".324",".456",".329","99","-1.0","-1.4","-4.9","0.2","14553"
"Miguel Rojas","Marlins","60","226","0","19","17","5","7.5 %","12.8 %",".049",".303",".265",".323",".314",".279","75","-2.0","-9.2","4.1","0.2","7802"
"Eric Hosmer","Padres","64","264","10","35","36","0","6.4 %","20.1 %",".167",".322",".282",".330",".449",".330","107","-2.0","0.3","-6.7","0.2","3516"
"Brian McCann","Braves","30","119","3","9","20","0","9.2 %","10.1 %",".139",".283",".287",".345",".426",".322","97","-1.0","-1.4","-0.6","0.2","4810"
"Amed Rosario","Mets","61","257","8","23","33","5","5.4 %","24.1 %",".174",".302",".248",".289",".421",".299","90","-0.2","-3.6","-2.9","0.2","15518"
"Joey Votto","Reds","57","246","5","31","12","1","11.0 %","22.4 %",".126",".321",".256",".346",".381",".316","93","0.4","-1.9","-4.3","0.2","4314"
"Trea Turner","Nationals","25","113","3","15","11","8","6.2 %","22.1 %",".189",".321",".264",".310",".453",".319","95","1.3","0.5","-2.5","0.2","16252"
"Yan Gomes","Nationals","42","150","2","9","17","0","8.0 %","26.0 %",".089",".309",".230",".307",".319",".276","67","-0.5","-6.9","3.8","0.2","9627"
"Danny Jansen","Blue Jays","46","159","2","8","11","0","10.1 %","23.9 %",".079",".208",".164",".253",".243",".226","37","0.1","-12.4","8.3","0.1","16535"
"Khris Davis","Athletics","51","208","12","26","31","0","8.2 %","26.0 %",".211",".266",".237",".303",".447",".313","98","0.0","-0.5","-5.3","0.1","9112"
"Dwight Smith Jr.","Orioles","59","243","11","31","41","4","5.3 %","20.6 %",".213",".271",".249",".296",".462",".318","98","-0.7","-1.2","-6.0","0.1","13473"
"Tyler Naquin","Indians","34","107","2","8","12","3","4.7 %","27.1 %",".119",".357",".267",".302",".386",".292","77","1.2","-1.9","-0.5","0.1","13359"
"Mike Zunino","Rays","32","120","3","12","17","0","5.0 %","26.7 %",".152",".234",".188",".242",".339",".250","55","0.0","-6.7","3.7","0.1","13265"
"Jose Martinez","Cardinals","62","181","3","21","21","1","7.7 %","18.8 %",".103",".349",".291",".348",".394",".322","101","-0.5","-0.3","-4.5","0.1","7996"
"Yadier Molina","Cardinals","50","201","4","18","33","4","3.5 %","8.5 %",".132",".269",".265",".294",".397",".293","82","-2.4","-7.2","1.8","0.1","7007"
"Randal Grichuk","Blue Jays","63","262","12","33","25","1","6.9 %","27.1 %",".195",".270",".228",".286",".423",".301","88","0.1","-4.0","-4.1","0.1","10243"
"Jose Peraza","Reds","59","183","5","18","14","5","6.0 %","14.8 %",".118",".226",".213",".273",".331",".264","59","0.5","-9.1","4.0","0.1","13593"
"Manuel Margot","Padres","58","147","2","14","10","6","5.4 %","23.1 %",".080",".304",".239",".281",".319",".262","62","1.1","-6.0","2.0","0.1","14712"
"Shohei Ohtani","Angels","27","124","6","13","22","0","9.7 %","24.2 %",".174",".293",".257",".331",".431",".325","107","-1.9","-0.8","-2.9","0.1","19755"
"Brandon Drury","Blue Jays","51","201","6","21","17","0","5.0 %","28.9 %",".170",".294",".229",".269",".399",".282","74","1.6","-4.8","-1.6","0.1","11615"
"Vladimir Guerrero Jr.","Blue Jays","36","150","7","14","16","0","8.7 %","18.7 %",".197",".265",".248",".313",".445",".323","102","-2.5","-2.1","-2.6","0.1","19611"
"Gerardo Parra","- - -","49","149","4","16","18","5","7.4 %","18.1 %",".133",".257",".230",".295",".363",".280","72","0.1","-5.3","1.0","0.1","8553"
"Jonathan Lucroy","Angels","53","198","7","23","25","0","7.6 %","12.1 %",".144",".232",".232",".293",".376",".289","82","-3.0","-7.4","0.8","0.0","7870"
"Martin Maldonado","Royals","49","173","2","13","7","0","9.2 %","22.0 %",".072",".259",".204",".297",".276",".261","59","-1.5","-10.4","4.6","0.0","6887"
"Gregory Polanco","Pirates","35","147","6","20","17","2","7.5 %","27.2 %",".201",".318",".254",".315",".455",".324","102","0.1","0.5","-5.2","0.0","12907"
"Ender Inciarte","Braves","40","140","2","13","9","3","8.6 %","19.3 %",".105",".260",".218",".300",".323",".270","63","1.7","-5.0","0.4","0.0","4922"
"Tucker Barnhart","Reds","52","164","5","16","18","0","12.2 %","26.8 %",".134",".245",".197",".294",".331",".269","62","-1.1","-9.1","3.7","0.0","10200"
"Steve Wilkerson","Orioles","38","139","5","15","15","1","5.8 %","31.7 %",".163",".300",".225",".281",".388",".287","77","-0.5","-4.5","-0.5","0.0","16041"
"Wilmer Flores","Diamondbacks","42","138","2","13","14","0","4.3 %","10.1 %",".117",".301",".281",".326",".398",".312","91","-1.2","-2.8","-1.9","0.0","5827"
"Ryan Cordell","White Sox","39","104","3","8","11","2","8.7 %","28.8 %",".144",".298",".222",".307",".367",".295","85","0.8","-1.2","-2.8","0.0","15181"
"Teoscar Hernandez","Blue Jays","43","157","4","15","18","3","8.3 %","29.9 %",".133",".258",".196",".261",".329",".253","55","0.1","-8.7","2.6","-0.1","13066"
"Ian Desmond","Rockies","58","207","6","26","24","1","8.7 %","28.0 %",".204",".317",".242",".314",".446",".322","84","-2.0","-6.3","-1.1","-0.1","6885"
"Joey Rickard","Orioles","42","135","2","10","6","3","10.4 %","24.4 %",".144",".265",".203",".304",".347",".284","75","0.3","-3.9","-1.9","-0.1","13277"
"Francisco Cervelli","Pirates","34","123","1","11","5","1","7.3 %","25.2 %",".055",".260",".193",".279",".248",".242","48","-0.4","-8.6","3.4","-0.1","5275"
"Ildemaro Vargas","Diamondbacks","40","104","2","14","9","1","4.8 %","14.4 %",".101",".293",".263",".298",".364",".286","73","0.2","-3.4","-1.3","-0.1","13324"
"Jackie Bradley Jr.","Red Sox","57","216","5","23","18","3","10.6 %","27.8 %",".135",".248",".189",".294",".324",".274","64","1.0","-8.7","-0.3","-0.1","12984"
"Matt Adams","Nationals","43","113","6","15","19","0","4.4 %","34.5 %",".234",".317",".243",".274",".477",".311","90","-0.1","-1.6","-3.4","-0.1","9393"
"Ronald Guzman","Rangers","37","126","6","16","19","1","8.7 %","28.6 %",".246",".260",".219",".286",".465",".313","88","-2.8","-4.6","-1.2","-0.1","14388"
"Daniel Murphy","Rockies","39","146","5","15","32","0","8.2 %","15.8 %",".195",".274",".256",".315",".451",".324","85","-0.1","-2.9","-3.3","-0.1","4316"
"Jeimer Candelario","Tigers","42","177","2","18","9","2","11.3 %","28.2 %",".090",".250",".179",".277",".269",".246","50","1.5","-9.7","2.0","-0.1","13621"
"Cole Tucker","Pirates","38","120","2","11","9","0","5.8 %","28.3 %",".125",".263",".196",".244",".321",".240","47","0.5","-7.8","2.3","-0.2","17326"
"Jurickson Profar","Athletics","60","245","9","27","35","4","6.5 %","14.3 %",".170",".204",".205",".269",".375",".275","72","1.0","-7.6","-2.7","-0.2","10815"
"Ryon Healy","Mariners","47","187","7","24","26","0","7.0 %","21.4 %",".219",".262",".237",".289",".456",".310","98","-2.4","-2.8","-5.5","-0.2","15447"
"Jose Ramirez","Indians","63","267","4","22","21","15","11.6 %","15.0 %",".099",".221",".198",".296",".297",".262","57","2.7","-11.7","0.6","-0.2","13510"
"Brandon Crawford","Giants","60","228","5","22","19","1","10.1 %","23.2 %",".114",".253",".208",".289",".322",".266","65","-1.4","-11.8","2.5","-0.2","5343"
"Ty France","Padres","34","107","2","8","10","0","3.7 %","23.4 %",".122",".292",".235",".290",".357",".280","74","-2.5","-6.1","0.6","-0.2","17982"
"Jesse Winker","Reds","57","213","10","30","18","0","8.5 %","16.4 %",".204",".240",".236",".315",".440",".319","95","-3.8","-5.2","-3.7","-0.2","13590"
"Elias Diaz","Pirates","33","116","1","12","16","0","3.4 %","15.5 %",".072",".333",".288",".310",".360",".289","79","-0.1","-3.2","-2.8","-0.2","11680"
"Ian Kinsler","Padres","54","189","7","21","13","1","6.9 %","16.4 %",".178",".213",".207",".270",".385",".280","74","-2.7","-9.0","0.7","-0.2","6195"
"Robinson Cano","Mets","46","183","3","15","14","0","5.5 %","19.7 %",".128",".286",".238",".284",".366",".280","77","-0.4","-5.8","-2.5","-0.2","3269"
"Daniel Robertson","Rays","53","189","2","21","15","1","10.6 %","24.3 %",".085",".274",".206",".307",".291",".272","70","-2.4","-9.5","0.5","-0.2","14145"
"Welington Castillo","White Sox","29","104","4","5","11","0","9.6 %","26.9 %",".165",".220",".187",".288",".352",".282","76","-0.9","-4.1","-2.3","-0.3","3256"
"Odubel Herrera","Phillies","39","139","1","12","16","2","7.9 %","23.7 %",".119",".290",".222",".288",".341",".274","67","0.5","-5.3","-1.9","-0.3","11476"
"Rosell Herrera","Marlins","56","105","2","10","11","4","7.6 %","21.9 %",".126",".271",".221",".295",".347",".278","75","0.8","-2.6","-3.5","-0.3","11611"
"Carlos Gonzalez","- - -","34","133","2","16","9","0","9.8 %","30.1 %",".068",".286",".205",".286",".274",".252","51","-0.4","-8.7","1.3","-0.3","7287"
"Steven Duggar","Giants","59","240","3","22","26","1","5.4 %","27.9 %",".108",".321",".238",".279",".345",".268","66","-1.2","-11.6","1.1","-0.3","17719"
"Justin Bour","Angels","30","112","4","10","14","0","11.6 %","27.7 %",".153",".190",".163",".268",".316",".260","63","0.1","-5.2","-1.6","-0.3","9744"
"Mark Reynolds","Rockies","55","121","4","11","17","1","13.2 %","32.2 %",".178",".233",".178",".298",".356",".287","60","-0.6","-6.7","-0.4","-0.3","7619"
"A.J. Pollock","Dodgers","28","115","2","15","14","0","7.8 %","20.0 %",".107",".263",".223",".287",".330",".265","65","0.3","-4.8","-2.2","-0.3","9256"
"Raimel Tapia","Rockies","59","203","5","27","22","2","5.4 %","26.6 %",".193",".346",".266",".305",".458",".321","83","0.4","-4.0","-5.8","-0.3","14350"
"Tyler White","Astros","43","149","1","10","9","0","12.8 %","31.5 %",".071",".329",".220",".315",".291",".273","73","-0.4","-5.5","-3.1","-0.3","15564"
"Willians Astudillo","Twins","33","121","2","16","11","0","1.7 %","4.1 %",".107",".239",".250",".273",".357",".267","62","-2.7","-8.5","0.7","-0.3","15608"
"Eloy Jimenez","White Sox","39","154","7","14","16","0","5.8 %","30.5 %",".174",".289",".229",".279",".403",".291","82","-0.1","-3.5","-5.5","-0.4","17484"
"Yuli Gurriel","Astros","60","254","4","29","28","2","4.7 %","10.2 %",".130",".264",".252",".283",".382",".282","79","-2.0","-8.8","-3.7","-0.4","19198"
"John Hicks","Tigers","33","118","3","8","9","1","5.1 %","28.8 %",".153",".267",".207",".246",".360",".257","57","-2.1","-8.5","0.5","-0.4","12547"
"Mallex Smith","Mariners","47","196","3","24","16","16","8.7 %","28.1 %",".107",".283",".209",".281",".316",".262","66","4.4","-3.9","-6.8","-0.4","13608"
"Jason Kipnis","Indians","46","195","2","11","15","4","7.2 %","16.9 %",".090",".257",".220",".275",".311",".256","53","-0.2","-11.7","0.9","-0.4","9776"
"Maikel Franco","Phillies","61","226","9","25","31","0","9.7 %","12.4 %",".182",".198",".207",".283",".389",".264","61","-2.9","-14.2","2.8","-0.4","12179"
"Rowdy Tellez","Blue Jays","54","195","9","19","25","0","5.6 %","28.7 %",".194",".267",".222",".277",".417",".292","81","-1.3","-5.8","-5.3","-0.4","15679"
"Wilmer Difo","Nationals","39","134","2","14","7","0","9.0 %","20.1 %",".066",".283",".231",".301",".298",".258","55","-0.8","-8.6","-0.2","-0.4","14320"
"Yasiel Puig","Reds","58","234","11","23","33","9","5.6 %","25.2 %",".174",".233",".211",".256",".385",".270","63","0.4","-10.9","-1.1","-0.4","14225"
"Eduardo Nunez","Red Sox","38","114","2","9","15","5","2.6 %","15.8 %",".083",".256",".229",".248",".312",".240","41","0.3","-8.0","-0.7","-0.5","6848"
"Johan Camargo","Braves","49","123","2","14","14","1","5.7 %","17.9 %",".121",".250",".216",".260",".336",".253","52","0.6","-7.0","-1.9","-0.5","14950"
"Keon Broxton","- - -","47","101","3","11","7","7","5.9 %","43.6 %",".116",".271",".168",".218",".284",".219","35","1.0","-7.4","-1.0","-0.5","9253"
"Billy McKinney","Blue Jays","41","153","3","17","9","0","5.9 %","22.2 %",".143",".269",".221",".272",".364",".272","68","-1.4","-7.5","-3.1","-0.5","15654"
"Jake Bauers","Indians","60","226","6","25","21","2","10.6 %","26.1 %",".131",".267",".211",".301",".342",".283","71","0.9","-7.2","-6.0","-0.5","15194"
"Leonys Martin","Indians","56","231","7","28","15","3","7.8 %","30.3 %",".131",".271",".204",".281",".335",".271","63","-0.2","-11.0","-2.3","-0.5","11846"
"Grayson Greiner","Tigers","41","162","5","13","14","0","8.0 %","34.0 %",".122",".227",".170",".241",".293",".235","42","0.2","-11.5","0.5","-0.5","17062"
"Daniel Descalso","Cubs","53","154","2","17","14","1","11.7 %","26.6 %",".097",".261",".194",".288",".291",".260","58","-1.9","-10.3","-0.2","-0.5","8392"
"Juan Lagares","Mets","55","124","2","16","13","2","7.3 %","27.4 %",".090",".250",".189",".260",".279",".233","46","0.0","-8.6","-1.1","-0.6","5384"
"Curtis Granderson","Marlins","54","185","6","24","14","0","10.8 %","27.6 %",".174",".236",".193",".286",".366",".281","77","-4.5","-10.1","-1.6","-0.6","4747"
"Josh Harrison","Tigers","36","146","1","10","8","4","4.1 %","17.8 %",".088",".207",".176",".219",".265",".211","26","-0.6","-14.1","3.2","-0.6","8202"
"Richie Martin Jr.","Orioles","51","148","3","13","7","4","6.1 %","32.4 %",".133",".250",".178",".240",".311",".240","45","-1.2","-11.4","-0.1","-0.6","17736"
"Chris Owings","Royals","41","145","2","9","9","4","5.5 %","37.9 %",".089",".205",".133",".193",".222",".186","8","0.7","-16.0","4.2","-0.7","10030"
"Starlin Castro","Marlins","62","261","4","19","26","1","5.0 %","14.6 %",".082",".252",".230",".264",".313",".249","56","-2.3","-17.2","1.8","-0.7","4579"
"Kevin Pillar","- - -","63","243","6","26","28","6","2.9 %","16.5 %",".131",".230",".214",".243",".345",".245","51","1.8","-13.4","-1.6","-0.7","12434"
"Yonder Alonso","White Sox","58","226","7","22","26","0","11.9 %","22.1 %",".138",".206",".184",".283",".321",".264","64","-0.2","-10.5","-4.7","-0.7","2530"
"Martin Prado","Marlins","48","154","1","15","11","0","3.9 %","13.6 %",".062",".262",".233",".260",".295",".240","50","-1.7","-11.6","-0.7","-0.7","3312"
"Travis Shaw","Brewers","44","170","4","14","9","0","12.4 %","31.8 %",".116",".236",".170",".282",".286",".253","52","-1.7","-12.2","-0.7","-0.7","11982"
"Chris Davis","Orioles","47","158","5","11","18","0","8.2 %","39.9 %",".140",".240",".161",".241",".301",".236","43","0.5","-10.8","-2.4","-0.8","9272"
"Jesus Aguilar","Brewers","56","175","4","13","23","0","12.6 %","24.6 %",".116",".235",".192",".297",".308",".270","63","-2.1","-10.4","-3.6","-0.8","11342"
"Jeff Mathis","Rangers","35","109","1","10","4","0","8.3 %","27.5 %",".051",".203",".152",".220",".202",".193","7","0.2","-12.5","0.4","-0.8","3448"
"Isiah Kiner-Falefa","Rangers","38","121","1","15","13","1","8.3 %","27.3 %",".111",".324",".231",".308",".343",".286","70","0.9","-3.6","-9.0","-0.8","16512"
"Ryan O'Hearn","Royals","54","205","5","17","17","0","12.2 %","25.4 %",".135",".230",".185",".288",".320",".268","64","-1.6","-10.9","-4.7","-0.8","16442"
"Kendrys Morales","- - -","52","196","2","14","11","0","13.3 %","13.3 %",".055",".203",".182",".306",".236",".256","58","-1.5","-11.8","-3.7","-0.9","8610"
"Rougned Odor","Rangers","49","199","7","26","26","4","7.5 %","32.2 %",".148",".207",".165",".232",".313",".237","37","-1.0","-16.7","1.0","-0.9","12282"
"Zack Cozart","Angels","38","107","0","4","7","0","4.7 %","15.0 %",".021",".143",".124",".178",".144",".150","-12","0.2","-14.8","1.7","-0.9","2616"
"Garrett Hampson","Rockies","33","105","1","11","6","1","5.7 %","25.7 %",".072",".243",".186",".231",".258",".210","10","-0.1","-12.3","-1.3","-1.0","19262"
